<?xml version="1.0" encoding="utf-8" ?>
<component name="MainScene" extends="Scene" initialFocus="navMenu">
  <script type="text/brightscript" uri="pkg:/components/MainScene.brs" />
  <script type="text/brightscript" uri="pkg:/source/SGDEX.brs" />
  
  <children>
    <!-- Background Poster -->
    <Poster
      id="backgroundPoster"
      uri="pkg:/images/background.png"
      width="1920"
      height="1080"
      translation="[0, 0]" />
    
    <!-- Navigation Menu -->
    <Group id="navMenu" translation="[50, 50]">
      <LabelList
        id="menuList"
        itemSize="[200, 50]"
        itemSpacing="[0, 20]"
        color="0xFFFFFFFF"
        focusedColor="0xFF0000FF"
        font="font:MediumBoldSystemFont">
        <ContentNode role="content">
          <ContentNode title="Listen Live" />
          <ContentNode title="Podcasts" />
          <ContentNode title="Now Playing" />
        </ContentNode>
      </LabelList>
    </Group>
    
    <!-- View Container -->
    <Group id="viewContainer" translation="[300, 50]" />
    
    <!-- Playback Card (Hidden Initially) -->
    <Group id="playbackCard" translation="[0, 900]" visible="false">
      <Rectangle
        id="cardBackground"
        width="1920"
        height="180"
        color="0x80000000"
        opacity="0.8" />
      <Label
        id="nowPlayingLabel"
        translation="[50, 50]"
        width="1000"
        height="50"
        text="Now Playing: "
        font="font:MediumSystemFont"
        color="0xFFFFFFFF" />
      <Button
        id="controlButton"
        translation="[1100, 50]"
        text="Stop"
        iconUri=""
        focusBitmapUri=""
        minWidth="100" />
    </Group>
  </children>
</component>